{
  "name": "trekdice",
  "title": "Trek Dice",
  "description": "Making custom dice for Star Trek Adventures",
  "author": "GoGreenRanger",
  "version": "0.1",
  "minimumCoreVersion": "0.7.0",
  "compatibleCoreVersion": "0.9.0",
  "dependencies": [
        {
            "type": "module",
            "name": "dice-so-nice"
        }
    ],
  "scripts": [
        "scripts/trekdice.json"
  ],
  "url": "https://github.com/omgthegreenranger/trekdice",
  "manifest": "https://github.com/omgthegreenranger/trekdice/master/trekdice/module.json",
  "download": "https://raw.githubusercontent.com/omgthegreenranger/trekdice/master/trekdice/module.zip"
}


